# Generated by QuTiP: 2000x2 real matrix in decimal format [',' separated values].
0.0000000000,1.0000000000
0.0100050025,0.9864982294
0.0200100050,0.9468706971
0.0300150075,0.8836961793
0.0400200100,0.8009672383
0.0500250125,0.7036371990
0.0600300150,0.5970948831
0.0700350175,0.4866502974
0.0800400200,0.3771037392
0.0900450225,0.2724445671
0.1000500250,0.1756963853
0.1100550275,0.0888954034
0.1200600300,0.0131697182
0.1300650325,-0.0511211469
0.1400700350,-0.1042248972
0.1500750375,-0.1468428658
0.1600800400,-0.1800015265
0.1700850425,-0.2049558220
0.1800900450,-0.2231219140
0.1900950475,-0.2360315254
0.2001000500,-0.2452995964
0.2101050525,-0.2525954888
0.2201100550,-0.2596118640
0.2301150575,-0.2680259090
0.2401200600,-0.2794533010
0.2501250625,-0.2953990067
0.2601300650,-0.3171948376
0.2701350675,-0.3459298820
0.2801400700,-0.3823713673
0.2901450725,-0.4268744338
0.3001500750,-0.4792828928
0.3101550775,-0.5388275435
0.3201600800,-0.6040348865
0.3301650825,-0.6726664952
0.3401700850,-0.7417145516
0.3501750875,-0.8074796705
0.3601800900,-0.8657510955
0.3701850925,-0.9120951533
0.3801900950,-0.9422374318
0.3901950975,-0.9525007048
0.4002001001,-0.9402402678
0.4102051026,-0.9042069096
0.4202101051,-0.8447701689
0.4302151076,-0.7639525783
0.4402201101,-0.6652571830
0.4502251126,-0.5533094372
0.4602301151,-0.4333711071
0.4702351176,-0.3108079778
0.4802401201,-0.1905980089
0.4902451226,-0.0769507829
0.5002501251,0.0269205388
0.5102551276,0.1188692920
0.5202601301,0.1977515393
0.5302651326,0.2632714207
0.5402701351,0.3157829472
0.5502751376,0.3560903269
0.5602801401,0.3852765078
0.5702851426,0.4045754832
0.5802901451,0.4152912131
0.5902951476,0.4187570982
0.6003001501,0.4163238663
0.6103051526,0.4093624666
0.6203101551,0.3992697033
0.6303151576,0.3874672734
0.6403201601,0.3753886854
0.6503251626,0.3644492755
0.6603301651,0.3560128846
0.6703351676,0.3513431745
0.6803401701,0.3515517436
0.6903451726,0.3575438863
0.7003501751,0.3699620996
0.7103551776,0.3891271594
0.7203601801,0.4149772242
0.7303651826,0.4470072348
0.7403701851,0.4842151052
0.7503751876,0.5250666699
0.7603801901,0.5674946700
0.7703851926,0.6089505327
0.7803901951,0.6465233240
0.7903951976,0.6771329638
0.8004002001,0.6977900725
0.8104052026,0.7058974177
0.8204102051,0.6995513608
0.8304152076,0.6777928456
0.8404202101,0.6407581532
0.8504252126,0.5896967048
0.8604302151,0.5268469778
0.8704352176,0.4551913224
0.8804402201,0.3781337367
0.8904452226,0.2991577987
0.9004502251,0.2215168094
0.9104552276,0.1479993382
0.9204602301,0.0807886287
0.9304652326,0.0214160542
0.9404702351,-0.0292101568
0.9504752376,-0.0707215595
0.9604802401,-0.1031842622
0.9704852426,-0.1269904751
0.9804902451,-0.1427662842
0.9904952476,-0.1513018209
1.0005002501,-0.1535062043
1.0105052526,-0.1503816934
1.0205102551,-0.1430106961
1.0305152576,-0.1325476425
1.0405202601,-0.1202090184
1.0505252626,-0.1072577279
1.0605302651,-0.0949805441
1.0705352676,-0.0846595595
1.0805402701,-0.0775411006
1.0905452726,-0.0748036251
1.1005502751,-0.0775252368
1.1105552776,-0.0866493375
1.1205602801,-0.1029464616
1.1305652826,-0.1269641558
1.1405702851,-0.1589652044
1.1505752876,-0.1988516472
1.1605802901,-0.2460805948
1.1705852926,-0.2995841259
1.1805902951,-0.3577127301
1.1905952976,-0.4182259141
1.2006003002,-0.4783525849
1.2106053027,-0.5349356506
1.2206103052,-0.5846607038
1.2306153077,-0.6243480189
1.2406203102,-0.6512713408
1.2506253127,-0.6634540731
1.2606303152,-0.6598924349
1.2706353177,-0.6406692916
1.2806403202,-0.6069386763
1.2906453227,-0.5607867121
1.3006503252,-0.5049928901
1.3106553277,-0.4427346566
1.3206603302,-0.3772788444
1.3306653327,-0.3117057727
1.3406703352,-0.2486964984
1.3506753377,-0.1904006254
1.3606803402,-0.1383830248
1.3706853427,-0.0936375751
1.3806903452,-0.0566459016
1.3906953477,-0.0274592173
1.4007003502,-0.0057840028
1.4107053527,0.0089410975
1.4207103552,0.0174831052
1.4307153577,0.0207675623
1.4407203602,0.0198425625
1.4507253627,0.0158504688
1.4607303652,0.0099999422
1.4707353677,0.0035382950
1.4807403702,-0.0022785043
1.4907453727,-0.0062165803
1.5007503752,-0.0070930387
1.5107553777,-0.0038045448
1.5207603802,0.0046470585
1.5307653827,0.0191249569
1.5407703852,0.0403235090
1.5507753877,0.0687235469
1.5607803902,0.1045340641
1.5707853927,0.1476207805
1.5807903952,0.1974277537
1.5907953977,0.2529043298
1.6008004002,0.3124560239
1.6108054027,0.3739402007
1.6208104052,0.4347274217
1.6308154077,0.4918387416
1.6408204102,0.5421588412
1.6508254127,0.5827067979
1.6608304152,0.6109307028
1.6708354177,0.6249837542
1.6808404202,0.6239357891
1.6908454227,0.6078838715
1.7008504252,0.5779422980
1.7108554277,0.5361122791
1.7208604302,0.4850540197
1.7308654327,0.4278006278
1.7408704352,0.3674594121
1.7508754377,0.3069449978
1.7608804402,0.2487770632
1.7708854427,0.1949576030
1.7808904452,0.1469254108
1.7908954477,0.1055746756
1.8009004502,0.0713154797
1.8109054527,0.0441546708
1.8209104552,0.0237790960
1.8309154577,0.0096296111
1.8409204602,0.0009608096
1.8509254627,-0.0031132792
1.8609304652,-0.0035852099
1.8709354677,-0.0015258095
1.8809404702,0.0019423203
1.8909454727,0.0056683937
1.9009504752,0.0085005912
1.9109554777,0.0093119970
1.9209604802,0.0070250541
1.9309654827,0.0006353311
1.9409704852,-0.0107638377
1.9509754877,-0.0279548475
1.9609804902,-0.0515586892
1.9709854927,-0.0819874080
1.9809904952,-0.1193813993
1.9909954977,-0.1635335007
2.0010005003,-0.2138073170
2.0110055028,-0.2690635317
2.0210105053,-0.3276139729
2.0310155078,-0.3872257600
2.0410205103,-0.4451956419
2.0510255128,-0.4985055873
2.0610305153,-0.5440557693
2.0710355178,-0.5789529576
2.0810405203,-0.6008155780
2.0910455228,-0.6080467937
2.1010505253,-0.6000277714
2.1110555278,-0.5771954016
2.1210605303,-0.5409905036
2.1310655328,-0.4936854476
2.1410705353,-0.4381241686
2.1510755378,-0.3774190132
2.1610805403,-0.3146543932
2.1710855428,-0.2526369733
2.1810905453,-0.1937207998
2.1910955478,-0.1397128086
2.2011005503,-0.0918557743
2.2111055528,-0.0508670301
2.2211105553,-0.0170130037
2.2311155578,0.0098034073
2.2411205603,0.0299585794
2.2511255628,0.0440370714
2.2611305653,0.0527773474
2.2711355678,0.0570329566
2.2811405703,0.0577448465
2.2911455728,0.0559206480
2.3011505753,0.0526140046
2.3111555778,0.0489045064
2.3211605803,0.0458734598
2.3311655828,0.0445797500
2.3411705853,0.0460343680
2.3511755878,0.0511741189
2.3611805903,0.0608340456
2.3711855928,0.0757183427
2.3811905953,0.0963619735
2.3911955978,0.1230847507
2.4012006003,0.1559341732
2.4112056028,0.1946198581
2.4212106053,0.2384469817
2.4312156078,0.2862616003
2.4412206103,0.3364250987
2.4512256128,0.3868363447
2.4612306153,0.4350167744
2.4712356178,0.4782648821
2.4812406203,0.5138728671
2.4912456228,0.5393834070
2.5012506253,0.5528513085
2.5112556278,0.5530684671
2.5212606303,0.5397129326
2.5312656328,0.5133954063
2.5412706353,0.4755919084
2.5512756378,0.4284764946
2.5612806403,0.3746813035
2.5712856428,0.3170249676
2.5812906453,0.2582526171
2.5912956478,0.2008205414
2.6013006503,0.1467511748
2.6113056528,0.0975609725
2.6213106553,0.0542553296
2.6313156578,0.0173725500
2.6413206603,-0.0129438640
2.6513256628,-0.0368638988
2.6613306653,-0.0547950817
2.6713356678,-0.0673200922
2.6813406703,-0.0751502188
2.6913456728,-0.0790939634
2.7013506753,-0.0800334399
2.7113556778,-0.0789088947
2.7213606803,-0.0767005185
2.7313656828,-0.0744116942
2.7413706853,-0.0730468692
2.7513756878,-0.0735880574
2.7613806903,-0.0769698637
2.7713856928,-0.0840520142
2.7813906953,-0.0955908548
2.7913956978,-0.1122039379
2.8014007004,-0.1343289404
2.8114057029,-0.1621731119
2.8214107054,-0.1956527315
2.8314157079,-0.2343284231
2.8414207104,-0.2773435559
2.8514257129,-0.3233798838
2.8614307154,-0.3706488500
2.8714357179,-0.4169350353
2.8814407204,-0.4597048122
2.8914457229,-0.4962824775
2.9014507254,-0.5240821049
2.9114557279,-0.5408695861
2.9214607304,-0.5450148333
2.9314657329,-0.5356947478
2.9414707354,-0.5130079365
2.9514757379,-0.4779788869
2.9614807404,-0.4324494650
2.9714857429,-0.3788737920
2.9814907454,-0.3200548779
2.9914957479,-0.2588648033
3.0015007504,-0.1979928266
3.0115057529,-0.1397519747
3.0215107554,-0.0859635272
3.0315157579,-0.0379165210
3.0415207604,0.0036091420
3.0515257629,0.0382773797
3.0615307654,0.0661105072
3.0715357679,0.0874025674
3.0815407704,0.1026441608
3.0915457729,0.1124650370
3.1015507754,0.1175949469
3.1115557779,0.1188390397
3.1215607804,0.1170633690
3.1315657829,0.1131826610
3.1415707854,0.1081480489
3.1515757879,0.1029305608
3.1615807904,0.0985017592
3.1715857929,0.0958081989
3.1815907954,0.0957471606
3.1915957979,0.0991388397
3.2016008004,0.1066977830
3.2116058029,0.1190013371
3.2216108054,0.1364530065
3.2316158079,0.1592398781
3.2416208104,0.1872815081
3.2516258129,0.2201761007
3.2616308154,0.2571502062
3.2716358179,0.2970238933
3.2816408204,0.3382067792
3.2916458229,0.3787389231
3.3016508254,0.4163876402
3.3116558279,0.4488017315
3.3216608304,0.4737127489
3.3316658329,0.4891603489
3.3416708354,0.4937091212
3.3516758379,0.4866220530
3.3616808404,0.4679576825
3.3716858429,0.4385740024
3.3816908454,0.4000352526
3.3916958479,0.3544392581
3.4017008504,0.3041932063
3.4117058529,0.2517757611
3.4217108554,0.1995212325
3.4317158579,0.1494529362
3.4417208604,0.1031805897
3.4517258629,0.0618607481
3.4617308654,0.0262111251
3.4717358679,-0.0034391691
3.4817408704,-0.0270814755
3.4917458729,-0.0449572823
3.5017508754,-0.0574964214
3.5117558779,-0.0652688354
3.5217608804,-0.0689501094
3.5317658829,-0.0692992997
3.5417708854,-0.0671410037
3.5517758879,-0.0633521613
3.5617808904,-0.0588463659
3.5717858929,-0.0545566636
3.5817908954,-0.0514138769
3.5917958979,-0.0503243653
3.6018009005,-0.0521468676
3.6118059030,-0.0576682846
3.6218109055,-0.0675774316
3.6318159080,-0.0824353431
3.6418209105,-0.1026373276
3.6518259130,-0.1283666355
3.6618309155,-0.1595386825
3.6718359180,-0.1957400896
3.6818409205,-0.2361712648
3.6918459230,-0.2796063733
3.7018509255,-0.3243867438
3.7118559280,-0.3684642449
3.7218609305,-0.4095052341
3.7318659330,-0.4450560079
3.7418709355,-0.4727571649
3.7518759380,-0.4905819686
3.7618809405,-0.4970618645
3.7718859430,-0.4914632936
3.7818909455,-0.4738824802
3.7918959480,-0.4452418083
3.8019009505,-0.4071867341
3.8119059530,-0.3619003870
3.8219109555,-0.3118693836
3.8319159580,-0.2596387278
3.8419209605,-0.2075918766
3.8519259630,-0.1577843479
3.8619309655,-0.1118433196
3.8719359680,-0.0709319232
3.8819409705,-0.0357674591
3.8919459730,-0.0066750001
3.9019509755,0.0163421699
3.9119559780,0.0335310019
3.9219609805,0.0453261524
3.9319659830,0.0523020781
3.9419709855,0.0551376407
3.9519759880,0.0545928999
3.9619809905,0.0514913927
3.9719859930,0.0467052491
3.9819909955,0.0411382028
3.9919959980,0.0357069105
4.0020010005,0.0313196970
4.0120060030,0.0288553504
4.0220110055,0.0291414907
4.0320160080,0.0329334365
4.0420210105,0.0408925288
4.0520260130,0.0535611071
4.0620310155,0.0713325935
4.0720360180,0.0944114590
4.0820410205,0.1227644915
4.0920460230,0.1560672288
4.1020510255,0.1936502463
4.1120560280,0.2344596569
4.1220610305,0.2770454360
4.1320660330,0.3195926932
4.1420710355,0.3600072341
4.1520760380,0.3960556782
4.1620810405,0.4255540314
4.1720860430,0.4465790473
4.1820910455,0.4576755718
4.1920960480,0.4580246675
4.2021010505,0.4475409974
4.2121060530,0.4268851146
4.2221110555,0.3973852868
4.2321160580,0.3608840611
4.2421210605,0.3195364673
4.2521260630,0.2755935190
4.2621310655,0.2312036946
4.2721360680,0.1882571176
4.2821410705,0.1482861429
4.2921460730,0.1124216725
4.3021510755,0.0813978012
4.3121560780,0.0555891818
4.3221610805,0.0350657580
4.3321660830,0.0196513133
4.3421710855,0.0089767740
4.3521760880,0.0025240815
4.3621810905,-0.0003410938
4.3721860930,-0.0003423034
4.3821910955,0.0017265574
4.3921960980,0.0050223842
4.4022011006,0.0086698887
4.4122061031,0.0117835362
4.4222111056,0.0134868022
4.4322161081,0.0129318499
4.4422211106,0.0093190744
4.4522261131,0.0019141703
4.4622311156,-0.0099294320
4.4722361181,-0.0267458747
4.4822411206,-0.0489207466
4.4922461231,-0.0766443443
4.5022511256,-0.1098531781
4.5122561281,-0.1481644741
4.5222611306,-0.1908133466
4.5322661331,-0.2366074685
4.5422711356,-0.2839164456
4.5522761381,-0.3307131218
4.5622811406,-0.3746776311
4.5722861431,-0.4133645448
4.5822911456,-0.4444195191
4.5922961481,-0.4658181749
4.6023011506,-0.4760907021
4.6123061531,-0.4744949951
4.6223111556,-0.4611059476
4.6323161581,-0.4368062019
4.6423211606,-0.4031798104
4.6523261631,-0.3623278999
4.6623311656,-0.3166403327
4.6723361681,-0.2685594509
4.6823411706,-0.2203710268
4.6923461731,-0.1740475278
4.7023511756,-0.1311537370
4.7123561781,-0.0928142729
4.7223611806,-0.0597303924
4.7323661831,-0.0322294909
4.7423711856,-0.0103299327
4.7523761881,0.0061929810
4.7623811906,0.0177490632
4.7723861931,0.0248874455
4.7823911956,0.0282628018
4.7923961981,0.0286107777
4.8024012006,0.0267287060
4.8124062031,0.0234587752
4.8224112056,0.0196697038
4.8324162081,0.0162371752
4.8424212106,0.0140242817
4.8524262131,0.0138609393
4.8624312156,0.0165240854
4.8724362181,0.0227179478
4.8824412206,0.0330526851
4.8924462231,0.0480186623
4.9024512256,0.0679534842
4.9124562281,0.0929997192
4.9224612306,0.1230538268
4.9324662331,0.1577106931
4.9424712356,0.1962124881
4.9524762381,0.2374149850
4.9624812406,0.2797861016
4.9724862431,0.3214509669
4.9824912456,0.3602919655
4.9924962481,0.3941029626
5.0025012506,0.4207848289
5.0125062531,0.4385579015
5.0225112556,0.4461593671
5.0325162581,0.4429921239
5.0425212606,0.4291993719
5.0525262631,0.4056481537
5.0625312656,0.3738279620
5.0725362681,0.3356799718
5.0825412706,0.2933878425
5.0925462731,0.2491640798
5.1025512756,0.2050638317
5.1125562781,0.1628460302
5.1225612806,0.1238929682
5.1325662831,0.0891847840
5.1425712856,0.0593175132
5.1525762881,0.0345493656
5.1625812906,0.0148596423
5.1725862931,0.0000078832
5.1825912956,-0.0104145372
5.1925962981,-0.0169436310
5.2026013007,-0.0202121993
5.2126063032,-0.0209279693
5.2226113057,-0.0198549494
5.2326163082,-0.0177969945
5.2426213107,-0.0155808455
5.2526263132,-0.0140380660
5.2626313157,-0.0139858826
5.2726363182,-0.0162084028
5.2826413207,-0.0214382127
5.2926463232,-0.0303359402
5.3026513257,-0.0434662991
5.3126563282,-0.0612696609
5.3226613307,-0.0840229722
5.3326663332,-0.1117914099
5.3426713357,-0.1443714882
5.3526763382,-0.1812318413
5.3626813407,-0.2214623060
5.3726863432,-0.2637462777
5.3826913457,-0.3063722232
5.3926963482,-0.3472983667
5.4027013507,-0.3842770999
5.4127063532,-0.4150343494
5.4227113557,-0.4374860060
5.4327163582,-0.4499618056
5.4427213607,-0.4514005537
5.4527263632,-0.4414832643
5.4627313657,-0.4206771168
5.4727363682,-0.3901844838
5.4827413707,-0.3518038372
5.4927463732,-0.3077284216
5.5027513757,-0.2603171494
5.5127563782,-0.2118748564
5.5227613807,-0.1644701459
5.5327663832,-0.1198125852
5.5427713857,-0.0791913484
5.5527763882,-0.0434703159
5.5627813907,-0.0131244496
5.5727863932,0.0117000376
5.5827913957,0.0311179535
5.5927963982,0.0454419364
5.6028014007,0.0551307864
5.6128064032,0.0607512895
5.6228114057,0.0629519293
5.6328164082,0.0624457819
5.6428214107,0.0599956161
5.6528264132,0.0564017207
5.6628314157,0.0524862728
5.6728364182,0.0490756579
5.6828414207,0.0469808382
5.6928464232,0.0469786708
5.7028514257,0.0497887415
5.7128564282,0.0560532917
5.7228614307,0.0663129266
5.7328664332,0.0809792199
5.7428714357,0.1002992113
5.7528764382,0.1243132371
5.7628814407,0.1528064603
5.7728864432,0.1852596451
5.7828914457,0.2208088168
5.7928964482,0.2582262711
5.8029014507,0.2959366675
5.8129064532,0.3320798529
5.8229114557,0.3646252441
5.8329164582,0.3915328990
5.8429214607,0.4109460714
5.8529264632,0.4213877533
5.8629314657,0.4219309014
5.8729364682,0.4123134995
5.8829414707,0.3929764349
5.8929464732,0.3650145496
5.9029514757,0.3300523594
5.9129564782,0.2900645686
5.9229614807,0.2471706459
5.9329664832,0.2034390424
5.9429714857,0.1607257912
5.9529764882,0.1205638866
5.9629814907,0.0841088441
5.9729864932,0.0521337334
5.9829914957,0.0250605781
5.9929964982,0.0030127333
6.0030015008,-0.0141261153
6.0130065033,-0.0266568636
6.0230115058,-0.0350196401
6.0330165083,-0.0397599019
6.0430215108,-0.0415041063
6.0530265133,-0.0409433547
6.0630315158,-0.0388182800
6.0730365183,-0.0359052817
6.0830415208,-0.0330011424
6.0930465233,-0.0309057138
6.1030515258,-0.0304030038
6.1130565283,-0.0322423245
6.1230615308,-0.0371187192
6.1330665333,-0.0456517630
6.1430715358,-0.0583611744
6.1530765383,-0.0756357551
6.1630815408,-0.0976944105
6.1730865433,-0.1245380761
6.1830915458,-0.1558953014
6.1930965483,-0.1911682426
6.2031015508,-0.2293900246
6.2131065533,-0.2692083584
6.2231115558,-0.3089094393
6.2331165583,-0.3464942882
6.2431215608,-0.3798108151
6.2531265633,-0.4067340384
6.2631315658,-0.4253743190
6.2731365683,-0.4342848851
6.2831415708,-0.4326324203
6.2931465733,-0.4203033354
6.3031515758,-0.3979233813
6.3131565783,-0.3667880330
6.3231615808,-0.3287138168
6.3331665833,-0.2858394726
6.3431715858,-0.2404085675
6.3531765883,-0.1945679562
6.3631815908,-0.1502081449
6.3731865933,-0.1088607206
6.3831915958,-0.0716536892
6.3931965983,-0.0393172754
6.4032016008,-0.0122246344
6.4132066033,0.0095489005
6.4232116058,0.0261626474
6.4332166083,0.0379537006
6.4432216108,0.0453915639
6.4532266133,0.0490452629
6.4632316158,0.0495606982
6.4732366183,0.0476443493
6.4832416208,0.0440501886
6.4932466233,0.0395652225
6.5032516258,0.0349934928
6.5132566283,0.0311387039
6.5232616308,0.0287840546
6.5332666333,0.0286739897
6.5432716358,0.0314945984
6.5532766383,0.0378549687
6.5632816408,0.0482646535
6.5732866433,0.0631074456
6.5832916458,0.0826075776
6.5932966483,0.1067877397
6.6033016508,0.1354209307
6.6133066533,0.1679818456
6.6233116558,0.2036077932
6.6333166583,0.2410817299
6.6433216608,0.2788511293
6.6533266633,0.3150932629
6.6633316658,0.3478307042
6.6733366683,0.3750916760
6.6833416708,0.3950968477
6.6933466733,0.4064480645
6.7033516758,0.4082883166
6.7133566783,0.4004042868
6.7233616808,0.3832552805
6.7333666833,0.3579188251
6.7433716858,0.3259664945
6.7533766883,0.2892901345
6.7633816908,0.2499074235
6.7733866933,0.2097784486
6.7833916958,0.1706562502
6.7933966983,0.1339867268
6.8034017009,0.1008600494
6.8134067034,0.0720067277
6.8234117059,0.0478266716
6.8334167084,0.0284364031
6.8434217109,0.0137218042
6.8534267134,0.0033871983
6.8634317159,-0.0030039446
6.8734367184,-0.0059975407
6.8834417209,-0.0062263995
6.8934467234,-0.0043902798
6.9034517259,-0.0012400168
6.9134567284,0.0024385531
6.9234617309,0.0058429565
6.9334667334,0.0081723954
6.9434717359,0.0086459393
6.9534767384,0.0065196517
6.9634817409,0.0011038007
6.9734867434,-0.0082192397
6.9834917459,-0.0219720183
6.9934967484,-0.0405523524
7.0035017509,-0.0641933135
7.0135067534,-0.0929124209
7.0235117559,-0.1264529228
7.0335167584,-0.1642248952
7.0435217609,-0.2052580474
7.0535267634,-0.2481817484
7.0635317659,-0.2912482378
7.0735367684,-0.3324107049
7.0835417709,-0.3694595488
7.0935467734,-0.4002086802
7.1035517759,-0.4227095532
7.1135567784,-0.4354622104
7.1235617809,-0.4375897101
7.1335667834,-0.4289431638
7.1435717859,-0.4101192682
7.1535767884,-0.3823880439
7.1635817909,-0.3475425124
7.1735867934,-0.3076989555
7.1835917959,-0.2650806739
7.1935967984,-0.2218191536
7.2036018009,-0.1797969853
7.2136068034,-0.1405470142
7.2236118059,-0.1052076409
7.2336168084,-0.0745267379
7.2436218109,-0.0488987457
7.2536268134,-0.0284197727
7.2636318159,-0.0129464277
7.2736368184,-0.0021495131
7.2836418209,0.0044422559
7.2936468234,0.0074090080
7.3036518259,0.0074156440
7.3136568284,0.0051922295
7.3236618309,0.0015163245
7.3336668334,-0.0028034386
7.3436718359,-0.0069463241
7.3536768384,-0.0100984567
7.3636818409,-0.0114706885
7.3736868434,-0.0103159161
7.3836918459,-0.0059456378
7.3936968484,0.0022539309
7.4037018509,0.0148007732
7.4137068534,0.0320904646
7.4237118559,0.0543597878
7.4337168584,0.0816400414
7.4437218609,0.1137026494
7.4537268634,0.1500038337
7.4637318659,0.1896399243
7.4737368684,0.2313272699
7.4837418709,0.2734219863
7.4937468734,0.3139905451
7.5037518759,0.3509354429
7.5137568784,0.3821674006
7.5237618809,0.4058052027
7.5337668834,0.4203755222
7.5437718859,0.4249790758
7.5537768884,0.4193946795
7.5637818909,0.4041031066
7.5737868934,0.3802255234
7.5837918959,0.3493889015
7.5937968984,0.3135439564
7.6038019010,0.2747643084
7.6138069035,0.2350590293
7.6238119060,0.1962225245
7.6338169085,0.1597345067
7.6438219110,0.1267116106
7.6538269135,0.0979041573
7.6638319160,0.0737248052
7.6738369185,0.0542950340
7.6838419210,0.0394970348
7.6938469235,0.0290224351
7.7038519260,0.0224133879
7.7138569285,0.0190953959
7.7238619310,0.0184022385
7.7338669335,0.0195979319
7.7438719360,0.0218956826
7.7538769385,0.0244780603
7.7638819410,0.0265146463
7.7738869435,0.0271824304
7.7838919460,0.0256833500
7.7938969485,0.0212613618
7.8039019510,0.0132188826
7.8139069535,0.0009367112
7.8239119560,-0.0161002410
7.8339169585,-0.0382691954
7.8439219610,-0.0657623323
7.8539269635,-0.0985287775
7.8639319660,-0.1362096482
7.8739369685,-0.1780755297
7.8839419710,-0.2229813534
7.8939469735,-0.2693552875
7.9039519760,-0.3152384388
7.9139569785,-0.3583856286
7.9239619810,-0.3964279087
7.9339669835,-0.4270821148
7.9439719860,-0.4483830682
7.9539769885,-0.4589012379
7.9639819910,-0.4579100481
7.9739869935,-0.4454738931
7.9839919960,-0.4224394632
7.9939969985,-0.3903336088
8.0040020010,-0.3511857615
8.0140070035,-0.3073070354
8.0240120060,-0.2610616730
8.0340170085,-0.2146646423
8.0440220110,-0.1700292564
8.0540270135,-0.1286760480
8.0640320160,-0.0917005753
8.0740370185,-0.0597893037
8.0840420210,-0.0332669552
8.0940470235,-0.0121586319
8.1040520260,0.0037469399
8.1140570285,0.0148418489
8.1240620310,0.0216550529
8.1340670335,0.0248196975
8.1440720360,0.0250500493
8.1540770385,0.0231215122
8.1640820410,0.0198547343
8.1740870435,0.0160972468
8.1840920460,0.0127043872
8.1940970485,0.0105192786
8.2041020510,0.0103533739
8.2141070535,0.0129667001
8.2241120560,0.0190498043
8.2341170585,0.0292009920
8.2441220610,0.0439031157
8.2541270635,0.0634902573
8.2641320660,0.0881065193
8.2741370685,0.1176559263
8.2841420710,0.1517480329
8.2941470735,0.1896477782
8.3041520760,0.2302424597
8.3141570785,0.2720401024
8.3241620810,0.3132130743
8.3341670835,0.3516948847
8.3441720860,0.3853301114
8.3541770885,0.4120632852
8.3641820910,0.4301458039
8.3741870935,0.4383285081
8.3841920960,0.4360085659
8.3941970985,0.4233043094
8.4042021011,0.4010436617
8.4142071036,0.3706682366
8.4242121061,0.3340688093
8.4342171086,0.2933814979
8.4442221111,0.2507792543
8.4542271136,0.2082872760
8.4642321161,0.1676454597
8.4742371186,0.1302278877
8.4842421211,0.0970154812
8.4942471236,0.0686120392
8.5042521261,0.0452879490
8.5142571286,0.0270364281
8.5242621311,0.0136301537
8.5342671336,0.0046708031
8.5442721361,-0.0003716092
8.5542771386,-0.0021290815
8.5642821411,-0.0013130462
8.5742871436,0.0013046617
8.5842921461,0.0049083941
8.5942971486,0.0086577415
8.6043021511,0.0117058087
8.6143071536,0.0132188407
8.6243121561,0.0123934121
8.6343171586,0.0084738544
8.6443221611,0.0007694956
8.6543271636,-0.0113251692
8.6643321661,-0.0283046146
8.6743371686,-0.0505163529
8.6843421711,-0.0781138018
8.6943471736,-0.1109982887
8.7043521761,-0.1487555007
8.7143571786,-0.1905963820
8.7243621811,-0.2353175773
8.7343671836,-0.2812975352
8.7443721861,-0.3265444369
8.7543771886,-0.3688048541
8.7643821911,-0.4057318326
8.7743871936,-0.4350975963
8.7843921961,-0.4550233050
8.7943971986,-0.4641908179
8.8044022011,-0.4619989883
8.8144072036,-0.4486366268
8.8244122061,-0.4250588229
8.8344172086,-0.3928704341
8.8444222111,-0.3541391431
8.8544272136,-0.3111714758
8.8644322161,-0.2662887451
8.8744372186,-0.2216348630
8.8844422211,-0.1790375540
8.8944472236,-0.1399299189
8.9044522261,-0.1053285738
8.9144572286,-0.0758551158
8.9244622311,-0.0517845815
8.9344672336,-0.0331050828
8.9444722361,-0.0195765818
8.9544772386,-0.0107815090
8.9644822411,-0.0061645565
8.9744872436,-0.0050626045
8.9844922461,-0.0067279062
8.9944972486,-0.0103468783
9.0045022511,-0.0150595133
9.0145072536,-0.0199784813
9.0245122561,-0.0242095700
9.0345172586,-0.0268711548
9.0445222611,-0.0271125266
9.0545272636,-0.0241312935
9.0645322661,-0.0171891923
9.0745372686,-0.0056320930
9.0845422711,0.0110850388
9.0945472736,0.0333627135
9.1045522761,0.0614086830
9.1145572786,0.0951773699
9.1245622811,0.1343020224
9.1345672836,0.1780296810
9.1445722861,0.2251751562
9.1545772886,0.2741100366
9.1645822911,0.3228055575
9.1745872936,0.3689384633
9.1845922961,0.4100596047
9.1945972986,0.4438112140
9.2046023012,0.4681638601
9.2146073037,0.4816371673
9.2246123062,0.4834681456
9.2346173087,0.4736953941
9.2446223112,0.4531465652
9.2546273137,0.4233315954
9.2646323162,0.3862632662
9.2746373187,0.3442363575
9.2846423212,0.2996019551
9.2946473237,0.2545688249
9.3046523262,0.2110543451
9.3146573287,0.1705937862
9.3246623312,0.1343062179
9.3346673337,0.1029054388
9.3446723362,0.0767407250
9.3546773387,0.0558519609
9.3646823412,0.0400268615
9.3746873437,0.0288524952
9.3846923462,0.0217576962
9.3946973487,0.0180469235
9.4047023512,0.0169262300
9.4147073537,0.0175274717
9.4247123562,0.0189300326
9.4347173587,0.0201826755
9.4447223612,0.0203266404
9.4547273637,0.0184170995
9.4647323662,0.0135447553
9.4747373687,0.0048573921
9.4847423712,-0.0084162449
9.4947473737,-0.0269369370
9.5047523762,-0.0512165531
9.5147573787,-0.0815660125
9.5247623812,-0.1180302261
9.5347673837,-0.1603129465
9.5447723862,-0.2077009191
9.5547773887,-0.2590023265
9.5647823912,-0.3125192987
9.5747873937,-0.3660737069
9.5847923962,-0.4171020385
9.5947973987,-0.4628236343
9.6048024012,-0.5004721236
9.6148074037,-0.5275639723
9.6248124062,-0.5421662546
9.6348174087,-0.5431201511
9.6448224112,-0.5301821316
9.6548274137,-0.5040580040
9.6648324162,-0.4663226146
9.6748374187,-0.4192397472
9.6848424212,-0.3655133931
9.6948474237,-0.3080115537
9.7048524262,-0.2495051859
9.7148574287,-0.1924571648
9.7248624312,-0.1388821341
9.7348674337,-0.0902812645
9.7448724362,-0.0476430933
9.7548774387,-0.0114918075
9.7648824412,0.0180382864
9.7748874437,0.0411212078
9.7848924462,0.0581646128
9.7948974487,0.0697491371
9.8049024512,0.0765846980
9.8149074537,0.0794792910
9.8249124562,0.0793165999
9.8349174587,0.0770394559
9.8449224612,0.0736311512
9.8549274637,0.0700954072
9.8649324662,0.0674326342
9.8749374687,0.0666151954
9.8849424712,0.0685609408
9.8949474737,0.0741055337
9.9049524762,0.0839746874
9.9149574787,0.0987512622
9.9249624812,0.1188379968
9.9349674837,0.1444123090
9.9449724862,0.1753737825
9.9549774887,0.2112883180
9.9649824912,0.2513371261
9.9749874937,0.2942833227
9.9849924962,0.3384709513
9.9949974987,0.3818708798
10.0050025013,0.4221833129
10.0150075038,0.4569970927
10.0250125063,0.4839944331
10.0350175088,0.5011796419
10.0450225113,0.5070976708
10.0550275138,0.5010105701
10.0650325163,0.4829982657
10.0750375188,0.4539644579
10.0850425213,0.4155447233
10.0950475238,0.3699287541
10.1050525263,0.3196275838
10.1150575288,0.2672249994
10.1250625313,0.2151506827
10.1350675338,0.1655056145
10.1450725363,0.1199550922
10.1550775388,0.0796899275
10.1650825413,0.0454430720
10.1750875438,0.0175438161
10.1850925463,-0.0040105998
10.1950975488,-0.0194821997
10.2051025513,-0.0293290998
10.2151075538,-0.0341565222
10.2251125563,-0.0346815780
10.2351175588,-0.0317097601
10.2451225613,-0.0261157540
10.2551275638,-0.0188269616
10.2651325663,-0.0108060070
10.2751375688,-0.0030292097
10.2851425713,0.0035325545
10.2951475738,0.0079370666
10.3051525763,0.0092898142
10.3151575788,0.0067615515
10.3251625813,-0.0003933479
10.3351675838,-0.0128152320
10.3451725863,-0.0310117799
10.3551775888,-0.0553177244
10.3651825913,-0.0858422687
10.3751875938,-0.1224050466
10.3851925963,-0.1644674761
10.3951975988,-0.2110724977
10.4052026013,-0.2608086424
10.4152076038,-0.3118177465
10.4252126063,-0.3618619416
10.4352176088,-0.4084576486
10.4452226113,-0.4490715948
10.4552276138,-0.4813595145
10.4652326163,-0.5034131328
10.4752376188,-0.5139763026
10.4852426213,-0.5125906252
10.4952476238,-0.4996446945
10.5052526263,-0.4763179847
10.5152576288,-0.4444307152
10.5252626313,-0.4062306929
10.5352676338,-0.3641543067
10.5452726363,-0.3205995807
10.5552776388,-0.2777412939
10.5652826413,-0.2374048696
10.5752876438,-0.2010005859
10.5852926463,-0.1695112456
10.5952976488,-0.1435178943
10.6053026513,-0.1232477620
10.6153076538,-0.1086301457
10.6253126563,-0.0993504727
10.6353176588,-0.0948974106
10.6453226613,-0.0946018917
10.6553276638,-0.0976697277
10.6653326663,-0.1032106352
10.6753376688,-0.1102645452
10.6853426713,-0.1178290045
10.6953476738,-0.1248846530
10.7053526763,-0.1304178803
10.7153576788,-0.1334400533
10.7253626813,-0.1330008473
10.7353676838,-0.1281990372
10.7453726863,-0.1181917990
10.7553776888,-0.1022112309
10.7653826913,-0.0795914342
10.7753876938,-0.0498137567
10.7853926963,-0.0125732249
10.7953976988,0.0321354163
10.8054027014,0.0839201324
10.8154077039,0.1418985140
10.8254127064,0.2046306459
10.8354177089,0.2701032422
10.8454227114,0.3357867071
10.8554277139,0.3987769109
10.8654327164,0.4560171975
10.8754377189,0.5045772559
10.8854427214,0.5419498488
10.8954477239,0.5663165255
10.9054527264,0.5767392249
10.9154577289,0.5732451588
10.9254627314,0.5567942824
10.9354677339,0.5291400114
10.9454727364,0.4926106009
10.9554777389,0.4498510520
10.9654827414,0.4035646427
10.9754877439,0.3562890782
10.9854927464,0.3102293560
10.9954977489,0.2671557385
11.0055027514,0.2283634951
11.0155077539,0.1946817582
11.0255127564,0.1665151538
11.0355177589,0.1439022238
11.0455227614,0.1265781491
11.0555277639,0.1140337718
11.0655327664,0.1055674508
11.0755377689,0.1003295540
11.0855427714,0.0973613587
11.0955477739,0.0956282012
11.1055527764,0.0940522436
11.1155577789,0.0915410392
11.1255627814,0.0870143160
11.1355677839,0.0794267872
11.1455727864,0.0677895906
11.1555777889,0.0511929761
11.1655827914,0.0288326862
11.1755877939,0.0000497195
11.1855927964,-0.0356183656
11.1955977989,-0.0783654932
11.2056028014,-0.1280304320
11.2156078039,-0.1840022861
11.2256128064,-0.2451339453
11.2356178089,-0.3096852373
11.2456228114,-0.3753205588
11.2556278139,-0.4391827962
11.2656328164,-0.4980556403
11.2756378189,-0.5486101796
11.2856428214,-0.5877124356
11.2956478239,-0.6127509296
11.3056528264,-0.6219337104
11.3156578289,-0.6145039119
11.3256628314,-0.5908359383
11.3356678339,-0.5523942593
11.3456728364,-0.5015620785
11.3556778389,-0.4413700502
11.3656828414,-0.3751717016
11.3756878439,-0.3063178776
11.3856928464,-0.2378770272
11.3956978489,-0.1724337370
11.4057028514,-0.1119780519
11.4157078539,-0.0578805864
11.4257128564,-0.0109343569
11.4357178589,0.0285617073
11.4457228614,0.0607023767
11.4557278639,0.0858785085
11.4657328664,0.1046945067
11.4757378689,0.1179059185
11.4857428714,0.1263762779
11.4957478739,0.1310486118
11.5057528764,0.1329263159
11.5157578789,0.1330559711
11.5257628814,0.1325093123
11.5357678839,0.1323625845
11.5457728864,0.1336688239
11.5557778889,0.1374307257
11.5657828914,0.1445676432
11.5757878939,0.1558797720
11.5857928964,0.1720101641
11.5957978989,0.1933984185
11.6058029015,0.2202297240
11.6158079040,0.2523774004
11.6258129065,0.2893434073
11.6358179090,0.3302051345
11.6458229115,0.3735813007
11.6558279140,0.4176325387
11.6658329165,0.4601126065
11.6758379190,0.4984813293
11.6858429215,0.5300816424
11.6958479240,0.5523701321
11.7058529265,0.5631766982
11.7158579290,0.5609571367
11.7258629315,0.5449969970
11.7358679340,0.5155279810
11.7458729365,0.4737317645
11.7558779390,0.4216242140
11.7658829415,0.3618385480
11.7758879440,0.2973436540
11.7858929465,0.2311460077
11.7958979490,0.1660225613
11.8059029515,0.1043209493
11.8159079540,0.0478438374
11.8259129565,-0.0021819485
11.8359179590,-0.0450691640
11.8459229615,-0.0805895218
11.8559279640,-0.1088739403
11.8659329665,-0.1303143842
11.8759379690,-0.1454810885
11.8859429715,-0.1550614618
11.8959479740,-0.1598208265
11.9059529765,-0.1605805157
11.9159579790,-0.1582081702
11.9259629815,-0.1536112692
11.9359679840,-0.1477306566
11.9459729865,-0.1415296858
11.9559779890,-0.1359776802
11.9659829915,-0.1320281581
11.9759879940,-0.1305940958
11.9859929965,-0.1325201668
11.9959979990,-0.1385539982
12.0060030015,-0.1493118366
12.0160080040,-0.1652417402
12.0260130065,-0.1865792516
12.0360180090,-0.2132950065
12.0460230115,-0.2450382453
12.0560280140,-0.2810821072
12.0660330165,-0.3202826710
12.0760380190,-0.3610665737
12.0860430215,-0.4014637575
12.0960480240,-0.4391979532
12.1060530265,-0.4718393482
12.1160580290,-0.4970109885
12.1260630315,-0.5126262149
12.1360680340,-0.5171231409
12.1460730365,-0.5096558307
12.1560780390,-0.4902072020
12.1660830415,-0.4596022684
12.1760880440,-0.4194167250
12.1860930465,-0.3717993595
12.1960980490,-0.3192393456
12.2061030515,-0.2643175750
12.2161080540,-0.2094806222
12.2261130565,-0.1568649900
12.2361180590,-0.1081865798
12.2461230615,-0.0646965516
12.2561280640,-0.0271921238
12.2661330665,0.0039341220
12.2761380690,0.0286255213
12.2861430715,0.0470894837
12.2961480740,0.0597338992
12.3061530765,0.0671174293
12.3161580790,0.0699145145
12.3261630815,0.0688919963
12.3361680840,0.0648937370
12.3461730865,0.0588256478
12.3561780890,0.0516415929
12.3661830915,0.0443245763
12.3761880940,0.0378643183
12.3861930965,0.0332344159
12.3961980990,0.0313683055
12.4062031016,0.0331354744
12.4162081041,0.0393173709
12.4262131066,0.0505819587
12.4362181091,0.0674509406
12.4462231116,0.0902588418
12.4562281141,0.1191008484
12.4662331166,0.1537714871
12.4762381191,0.1937005024
12.4862431216,0.2378983088
12.4962481241,0.2849264656
12.5062531266,0.3329116937
12.5162581291,0.3796166305
12.5262631316,0.4225747647
12.5362681341,0.4592824134
12.5462731366,0.4874280619
12.5562781391,0.5051285840
12.5662831416,0.5111343877
12.5762881441,0.5049722748
12.5862931466,0.4869995602
12.5962981491,0.4583615600
12.6063031516,0.4208601838
12.6163081541,0.3767556882
12.6263131566,0.3285335643
12.6363181591,0.2786736851
12.6463231616,0.2294523099
12.6563281641,0.1827983940
12.6663331666,0.1402131185
12.6763381691,0.1027473910
12.6863431716,0.0710250932
12.6963481741,0.0452944655
12.7063531766,0.0254912775
12.7163581791,0.0113009803
12.7263631816,0.0022123656
12.7363681841,-0.0024397070
12.7463731866,-0.0034411217
12.7563781891,-0.0016732334
12.7663831916,0.0019126352
12.7763881941,0.0063163594
12.7863931966,0.0105143932
12.7963981991,0.0134848049
12.8064032016,0.0142321405
12.8164082041,0.0118106086
12.8264132066,0.0053467661
12.8364182091,-0.0059368283
12.8464232116,-0.0226937294
12.8564282141,-0.0454183121
12.8664332166,-0.0743976517
12.8764382191,-0.1096517286
12.8864432216,-0.1508643057
12.8964482241,-0.1973133791
12.9064532266,-0.2478159203
12.9164582291,-0.3007047283
12.9264632316,-0.3538564490
12.9364682341,-0.4047846851
12.9464732366,-0.4508021636
12.9564782391,-0.4892421589
12.9664832416,-0.5177145688
12.9764882441,-0.5343605742
12.9864932466,-0.5380651070
12.9964982491,-0.5285907126
13.0065032516,-0.5066077361
13.0165082541,-0.4736160069
13.0265132566,-0.4317703031
13.0365182591,-0.3836414234
13.0465232616,-0.3319526609
13.0565282641,-0.2793322736
13.0665332666,-0.2281151116
13.0765382691,-0.1802115183
13.0865432716,-0.1370473671
13.0965482741,-0.0995643924
13.1065532766,-0.0682641974
13.1165582791,-0.0432756873
13.1265632816,-0.0244289623
13.1365682841,-0.0113232720
13.1465732866,-0.0033829756
13.1565782891,0.0000997380
13.1665832916,-0.0000669466
13.1765882941,-0.0029995018
13.1865932966,-0.0077602487
13.1965982991,-0.0133792324
13.2066033017,-0.0188761597
13.2166083042,-0.0232835145
13.2266133067,-0.0256660908
13.2366183092,-0.0251426863
13.2466233117,-0.0209014358
13.2566283142,-0.0122186322
13.2666333167,0.0015209737
13.2766383192,0.0207963290
13.2866433217,0.0459112890
13.2966483242,0.0769432191
13.3066533267,0.1136812244
13.3166583292,0.1555610076
13.3266633317,0.2016087100
13.3366683342,0.2504104349
13.3466733367,0.3001251347
13.3566783392,0.3485556606
13.3666833417,0.3932842788
13.3766883442,0.4318663195
13.3866933467,0.4620612533
13.3966983492,0.4820687723
13.4067033517,0.4907302801
13.4167083542,0.4876614693
13.4267133567,0.4732912170
13.4367183592,0.4488008810
13.4467233617,0.4159771403
13.4567283642,0.3770054227
13.4667333667,0.3342402824
13.4767383692,0.2899886080
13.4867433717,0.2463330290
13.4967483742,0.2050108613
13.5067533767,0.1673524333
13.5167583792,0.1342709827
13.5267633817,0.1062903649
13.5367683842,0.0835948638
13.5467733867,0.0660872005
13.5567783892,0.0534442177
13.5667833917,0.0451655702
13.5767883942,0.0406129946
13.5867933967,0.0390414039
13.5967983992,0.0396253738
13.6068034017,0.0414834666
13.6168084042,0.0436994201
13.6268134067,0.0453451311
13.6368184092,0.0455019539
13.6468234117,0.0432798898
13.6568284142,0.0378357302
13.6668334167,0.0283899178
13.6768384192,0.0142475098
13.6868434217,-0.0051752900
13.6968484242,-0.0303136205
13.7068534267,-0.0614025798
13.7168584292,-0.0984119053
13.7268634317,-0.1409714515
13.7368684342,-0.1882980158
13.7468734367,-0.2391396221
13.7568784392,-0.2917571514
13.7668834417,-0.3439625538
13.7768884442,-0.3932269712
13.7868934467,-0.4368603277
13.7968984492,-0.4722483181
13.8069034517,-0.4971173124
13.8169084542,-0.5097867895
13.8269134567,-0.5093666412
13.8369184592,-0.4958641329
13.8469234617,-0.4701814058
13.8569284642,-0.4340045879
13.8669334667,-0.3896053825
13.8769384692,-0.3395904808
13.8869434717,-0.2866402696
13.8969484742,-0.2332755829
13.9069534767,-0.1816802001
13.9169584792,-0.1335933318
13.9269634817,-0.0902701857
13.9369684842,-0.0524988029
13.9469734867,-0.0206544479
13.9569784892,0.0052277485
13.9669834917,0.0253780378
13.9769884942,0.0402259837
13.9869934967,0.0503482198
13.9969984992,0.0564303780
14.0070035018,0.0592401808
14.0170085043,0.0596084716
14.0270135068,0.0584113704
14.0370185093,0.0565542639
14.0470235118,0.0549522043
14.0570285143,0.0545089455
14.0670335168,0.0560951825
14.0770385193,0.0605247020
14.0870435218,0.0685309010
14.0970485243,0.0807385495
14.1070535268,0.0976321943
14.1170585293,0.1195172324
14.1270635318,0.1464727025
14.1370685343,0.1782972445
14.1470735368,0.2144534901
14.1570785393,0.2540205842
14.1670835418,0.2956683986
14.1770885443,0.3376686163
14.1870935468,0.3779562133
14.1970985493,0.4142487780
14.2071035518,0.4442207918
14.2171085543,0.4657183146
14.2271135568,0.4769857165
14.2371185593,0.4768714882
14.2471235618,0.4649767243
14.2571285643,0.4417174593
14.2671335668,0.4082873568
14.2771385693,0.3665260330
14.2871435718,0.3187145307
14.2971485743,0.2673346106
14.3071535768,0.2148300667
14.3171585793,0.1634068022
14.3271635818,0.1148934217
14.3371685843,0.0706696084
14.3471735868,0.0316572756
14.3571785893,-0.0016414580
14.3671835918,-0.0290786905
14.3771885943,-0.0507857877
14.3871935968,-0.0671029163
14.3971985993,-0.0785212981
14.4072036018,-0.0856410287
14.4172086043,-0.0891430425
14.4272136068,-0.0897710062
14.4372186093,-0.0883199904
14.4472236118,-0.0856243528
14.4572286143,-0.0825451587
14.4672336168,-0.0799541755
14.4772386193,-0.0787143347
14.4872436218,-0.0796583769
14.4972486243,-0.0835655404
14.5072536268,-0.0911366936
14.5172586293,-0.1029650553
14.5272636318,-0.1195024367
14.5372686343,-0.1410178436
14.5472736368,-0.1675478159
14.5572786393,-0.1988405410
14.5672836418,-0.2342996558
14.5772886443,-0.2729386132
14.5872936468,-0.3133594062
14.5972986493,-0.3537718145
14.6073036518,-0.3920660704
14.6173086543,-0.4259450026
14.6273136568,-0.4531101534
14.6373186593,-0.4714831198
14.6473236618,-0.4794325909
14.6573286643,-0.4759686587
14.6673336668,-0.4608727584
14.6773386693,-0.4347351785
14.6873436718,-0.3988946873
14.6973486743,-0.3552891461
14.7073536768,-0.3062433250
14.7173586793,-0.2542306004
14.7273636818,-0.2016462076
14.7373686843,-0.1506223585
14.7473736868,-0.1029046736
14.7573786893,-0.0597935717
14.7673836918,-0.0221440416
14.7773886943,0.0095925415
14.7873936968,0.0353029037
14.7973986993,0.0551397434
14.8074037019,0.0694556739
14.8174087044,0.0787502014
14.8274137069,0.0836315368
14.8374187094,0.0847923914
14.8474237119,0.0829923522
14.8574287144,0.0790468057
14.8674337169,0.0738136713
14.8774387194,0.0681781662
14.8874437219,0.0630346272
14.8974487244,0.0592638633
14.9074537269,0.0577113760
14.9174587294,0.0591647842
14.9274637319,0.0643280187
14.9374687344,0.0737977673
14.9474737369,0.0880329507
14.9574787394,0.1073188803
14.9674837419,0.1317232217
14.9774887444,0.1610454925
14.9874937469,0.1947651542
14.9974987494,0.2319982905
15.0075037519,0.2714756608
15.0175087544,0.3115569780
15.0275137569,0.3502935382
15.0375187594,0.3855446922
15.0475237619,0.4151435129
15.0575287644,0.4370960118
15.0675337669,0.4497863683
15.0775387694,0.4521581153
15.0875437719,0.4438395799
15.0975487744,0.4251936766
15.1075537769,0.3972792218
15.1175587794,0.3617340011
15.1275637819,0.3205953679
15.1375687844,0.2760915174
15.1475737869,0.2304339415
15.1575787894,0.1856412342
15.1675837919,0.1434120252
15.1775887944,0.1050567232
15.1875937969,0.0714808759
15.1975987994,0.0432101390
15.2076038019,0.0204398206
15.2176088044,0.0030940378
15.2276138069,-0.0091171565
15.2376188094,-0.0166496186
15.2476238119,-0.0200879620
15.2576288144,-0.0201179542
15.2676338169,-0.0175063420
15.2776388194,-0.0130820972
15.2876438219,-0.0077185408
15.2976488244,-0.0023138232
15.3076538269,0.0022301933
15.3176588294,0.0050299160
15.3276638319,0.0052396872
15.3376688344,0.0020722578
15.3476738369,-0.0051819843
15.3576788394,-0.0171333425
15.3676838419,-0.0342642540
15.3776888444,-0.0568921024
15.3876938469,-0.0851206729
15.3976988494,-0.1187820207
15.4077038519,-0.1573746438
15.4177088544,-0.2000093203
15.4277138569,-0.2453774797
15.4377188594,-0.2917590446
15.4477238619,-0.3370842684
15.4577288644,-0.3790556682
15.4677338669,-0.4153265411
15.4777388694,-0.4437175773
15.4877438719,-0.4624432118
15.4977488744,-0.4703106809
15.5077538769,-0.4668595306
15.5177588794,-0.4524157913
15.5277638819,-0.4280500366
15.5377688844,-0.3954491209
15.5477738869,-0.3567234338
15.5577788894,-0.3141836916
15.5677838919,-0.2701227277
15.5777888944,-0.2266322812
15.5877938969,-0.1854737144
15.5977988994,-0.1480090224
15.6078039020,-0.1151852999
15.6178089045,-0.0875606604
15.6278139070,-0.0653544713
15.6378189095,-0.0485071038
15.6478239120,-0.0367378050
15.6578289145,-0.0295942586
15.6678339170,-0.0264919064
15.6778389195,-0.0267443613
15.6878439220,-0.0295870641
15.6978489245,-0.0341994956
15.7078539270,-0.0397246879
15.7178589295,-0.0452906592
15.7278639320,-0.0500305185
15.7378689345,-0.0531019786
15.7478739370,-0.0537033404
15.7578789395,-0.0510868067
15.7678839420,-0.0445721715
15.7778889445,-0.0335613960
15.7878939470,-0.0175595090
15.7978989495,0.0037943366
15.8079039520,0.0306830555
15.8179089545,0.0630556548
15.8279139570,0.1005640859
15.8379189595,0.1425028536
15.8479239620,0.1877661881
15.8579289645,0.2348394503
15.8679339670,0.2818403203
15.8779389695,0.3266190498
15.8879439720,0.3669162086
15.8979489745,0.4005639673
15.9079539770,0.4257036091
15.9179589795,0.4409853550
15.9279639820,0.4457182273
15.9379689845,0.4399409270
15.9479739870,0.4244058173
15.9579789895,0.4004777487
15.9679839920,0.3699688150
15.9779889945,0.3349398792
15.9879939970,0.2974978423
15.9979989995,0.2596198361
16.0080040020,0.2230215484
16.0180090045,0.1890769551
16.0280140070,0.1587878146
16.0380190095,0.1327923222
16.0480240120,0.1113996901
16.0580290145,0.0946376275
16.0680340170,0.0823022965
16.0780390195,0.0740043375
16.0880440220,0.0692084137
16.0980490245,0.0672655311
16.1080540270,0.0674414115
16.1180590295,0.0689411742
16.1280640320,0.0709325443
16.1380690345,0.0725676308
16.1480740370,0.0730035360
16.1580790395,0.0714198285
16.1680840420,0.0670340156
16.1780890445,0.0591153348
16.1880940470,0.0469992762
16.1980990495,0.0301084025
16.2081040520,0.0079816496
16.2181090545,-0.0196831301
16.2281140570,-0.0529723429
16.2381190595,-0.0916883872
16.2481240620,-0.1352780191
16.2581290645,-0.1827708579
16.2681340670,-0.2327456184
16.2781390695,-0.2833427334
16.2881440720,-0.3323381708
16.2981490745,-0.3772841539
16.3081540770,-0.4157092679
16.3181590795,-0.4453558949
16.3281640820,-0.4644211295
16.3381690845,-0.4717620715
16.3481740870,-0.4670297902
16.3581790895,-0.4507079914
16.3681840920,-0.4240498344
16.3781890945,-0.3889252026
16.3881940970,-0.3476064548
16.3981990995,-0.3025296244
16.4082041021,-0.2560684409
16.4182091046,-0.2103510830
16.4282141071,-0.1671371533
16.4382191096,-0.1277580290
16.4482241121,-0.0931127100
16.4582291146,-0.0637037247
16.4682341171,-0.0396956027
16.4782391196,-0.0209803297
16.4882441221,-0.0072386209
16.4982491246,0.0020090726
16.5082541271,0.0073633481
16.5182591296,0.0095167236
16.5282641321,0.0092312052
16.5382691346,0.0073197905
16.5482741371,0.0046278420
16.5582791396,0.0020143755
16.5682841421,0.0003323996
16.5782891446,0.0004103150
16.5882941471,0.0030329154
16.5982991496,0.0089243046
16.6083041521,0.0187264167
16.6183091546,0.0329777540
16.6283141571,0.0520821569
16.6383191596,0.0762694492
16.6483241621,0.1055457830
16.6583291646,0.1396368578
16.6683341671,0.1779313032
16.6783391696,0.2194359610
16.6883441721,0.2627578598
16.6983491746,0.3061282561
16.7083541771,0.3474803925
16.7183591796,0.3845847590
16.7283641821,0.4152341648
16.7383691846,0.4374587985
16.7483741871,0.4497399946
16.7583791896,0.4511886490
16.7683841921,0.4416556503
16.7783891946,0.4217524813
16.7883941971,0.3927787771
16.7983991996,0.3565687007
16.8084042021,0.3152849472
16.8184092046,0.2711962111
16.8284142071,0.2264724507
16.8384192096,0.1830245473
16.8484242121,0.1424021149
16.8584292146,0.1057498534
16.8684342171,0.0738129893
16.8784392196,0.0469765344
16.8884442221,0.0253219938
16.8984492246,0.0086876829
16.9084542271,-0.0032767049
16.9184592296,-0.0110656492
16.9284642321,-0.0152858156
16.9384692346,-0.0166299368
16.9484742371,-0.0158591729
16.9584792396,-0.0137858068
16.9684842421,-0.0112575606
16.9784892446,-0.0091389485
16.9884942471,-0.0082918679
16.9984992496,-0.0095570826
17.0085042521,-0.0137349288
17.0185092546,-0.0215650779
17.0285142571,-0.0337032032
17.0385192596,-0.0506925841
17.0485242621,-0.0729264623
17.0585292646,-0.1005987317
17.0685342671,-0.1336440952
17.0785392696,-0.1716719115
17.0885442721,-0.2139034055
17.0985492746,-0.2591271224
17.1085542771,-0.3056896527
17.1185592796,-0.3515386515
17.1285642821,-0.3943288396
17.1385692846,-0.4315915228
17.1485742871,-0.4609532165
17.1585792896,-0.4803774276
17.1685842921,-0.4883918554
17.1785892946,-0.4842638730
17.1885942971,-0.4680923988
17.1985992996,-0.4407994695
17.2086043022,-0.4040229085
17.2186093047,-0.3599294332
17.2286143072,-0.3109809141
17.2386193097,-0.2596921757
17.2486243122,-0.2084161205
17.2586293147,-0.1591816636
17.2686343172,-0.1135970277
17.2786393197,-0.0728159559
17.2886443222,-0.0375562094
17.2986493247,-0.0081511502
17.3086543272,0.0153825453
17.3186593297,0.0332764290
17.3286643322,0.0459507254
17.3386693347,0.0539679974
17.3486743372,0.0579997067
17.3586793397,0.0588036090
17.3686843422,0.0572056858
17.3786893447,0.0540837813
17.3886943472,0.0503513627
17.3986993497,0.0469366113
17.4087043522,0.0447620390
17.4187093547,0.0447197551
17.4287143572,0.0476487730
17.4387193597,0.0543113548
17.4487243622,0.0653645750
17.4587293647,0.0813310751
17.4687343672,0.1025596773
17.4787393697,0.1291781462
17.4887443722,0.1610376862
17.4987493747,0.1976544104
17.5087543772,0.2381574822
17.5187593797,0.2812578048
17.5287643822,0.3252530952
17.5387693847,0.3680835301
17.5487743872,0.4074463332
17.5587793897,0.4409664495
17.5687843922,0.4664091558
17.5787893947,0.4819075150
17.5887943972,0.4861714473
17.5987993997,0.4786434084
17.6088044022,0.4595725391
17.6188094047,0.4299931172
17.6288144072,0.3916100978
17.6388194097,0.3466108264
17.6488244122,0.2974342733
17.6588294147,0.2465366370
17.6688344172,0.1961859459
17.6788394197,0.1483113469
17.6888444222,0.1044167176
17.6988494247,0.0655560892
17.7088544272,0.0323573962
17.7188594297,0.0050772229
17.7288644322,-0.0163314844
17.7388694347,-0.0321527695
17.7488744372,-0.0428509304
17.7588794397,-0.0490269682
17.7688844422,-0.0513874650
17.7788894447,-0.0507220985
17.7888944472,-0.0478870076
17.7988994497,-0.0437872298
17.8089044522,-0.0393587697
17.8189094547,-0.0355481631
17.8289144572,-0.0332895638
17.8389194597,-0.0334818770
17.8489244622,-0.0369664116
17.8589294647,-0.0445018028
17.8689344672,-0.0567385901
17.8789394697,-0.0741865536
17.8889444722,-0.0971742795
17.8989494747,-0.1257983816
17.9089544772,-0.1598641271
17.9189594797,-0.1988233474
17.9289644822,-0.2417208402
17.9389694847,-0.2871643413
17.9489744872,-0.3333353072
17.9589794897,-0.3780552043
17.9689844922,-0.4189146921
17.9789894947,-0.4534613923
17.9889944972,-0.4794281109
17.9989994997,-0.4949713736
18.0090045023,-0.4988820277
18.0190095048,-0.4907325479
18.0290145073,-0.4709331987
18.0390195098,-0.4406867764
18.0490245123,-0.4018492724
18.0590295148,-0.3567216305
18.0690345173,-0.3078088125
18.0790395198,-0.2575841370
18.0890445223,-0.2082919407
18.0990495248,-0.1618094220
18.1090545273,-0.1195742331
18.1190595298,-0.0825718596
18.1290645323,-0.0513676648
18.1390695348,-0.0261657832
18.1490745373,-0.0068776573
18.1590795398,0.0068126565
18.1690845423,0.0153938543
18.1790895448,0.0194856696
18.1890945473,0.0198084957
18.1990995498,0.0171614484
18.2091045523,0.0124033615
18.2191095548,0.0064340919
18.2291145573,0.0001759626
18.2391195598,-0.0054481752
18.2491245623,-0.0095358600
18.2591295648,-0.0112248648
18.2691345673,-0.0097118676
18.2791395698,-0.0042702722
18.2891445723,0.0057319103
18.2991495748,0.0208067873
18.3091545773,0.0413152379
18.3191595798,0.0674238749
18.3291645823,0.0990505531
18.3391695848,0.1358046257
18.3491745873,0.1769305595
18.3591795898,0.2212691950
18.3691845923,0.2672529417
18.3791895948,0.3129501180
18.3891945973,0.3561674905
18.3991995998,0.3946098726
18.4092046023,0.4260827345
18.4192096048,0.4487123325
18.4292146073,0.4611484460
18.4392196098,0.4627173509
18.4492246123,0.4534968869
18.4592296148,0.4343017233
18.4692346173,0.4065806517
18.4792396198,0.3722478690
18.4892446223,0.3334749440
18.4992496248,0.2924798527
18.5092546273,0.2513412333
18.5192596298,0.2118591157
18.5292646323,0.1754712236
18.5392696348,0.1432211929
18.5492746373,0.1157694184
18.5592796398,0.0934312110
18.5692846423,0.0762282493
18.5792896448,0.0639418827
18.5892946473,0.0561612256
18.5992996498,0.0523232902
18.6093046523,0.0517456962
18.6193096548,0.0536530751
18.6293146573,0.0572018190
18.6393196598,0.0615029710
18.6493246623,0.0656448289
18.6593296648,0.0687149449
18.6693346673,0.0698202865
18.6793396698,0.0681042356
18.6893446723,0.0627608576
18.6993496748,0.0530512270
18.7093546773,0.0383206938
18.7193596798,0.0180265356
18.7293646823,-0.0082226723
18.7393696848,-0.0406122702
18.7493746873,-0.0790527366
18.7593796898,-0.1231036630
18.7693846923,-0.1719027489
18.7793896948,-0.2241174901
18.7893946973,-0.2779395405
18.7993996998,-0.3311394635
18.8094047024,-0.3811917106
18.8194097049,-0.4254668500
18.8294147074,-0.4614722671
18.8394197099,-0.4871090559
18.8494247124,-0.5009044713
18.8594297149,-0.5021799791
18.8694347174,-0.4911254452
18.8794397199,-0.4687667083
18.8894447224,-0.4368343710
18.8994497249,-0.3975582945
18.9094547274,-0.3534250512
18.9194597299,-0.3069367992
18.9294647324,-0.2604056273
18.9394697349,-0.2158049901
18.9494747374,-0.1746854774
18.9594797399,-0.1381505144
18.9694847424,-0.1068780173
18.9794897449,-0.0811709262
18.9894947474,-0.0610201506
18.9994997499,-0.0461673296
19.0095047524,-0.0361598761
19.0195097549,-0.0303954586
19.0295147574,-0.0281569027
19.0395197599,-0.0286392989
19.0495247624,-0.0309742918
19.0595297649,-0.0342522227
19.0695347674,-0.0375441421
19.0795397699,-0.0399238779
19.0895447724,-0.0404880500
19.0995497749,-0.0383745573
19.1095547774,-0.0327800308
19.1195597799,-0.0229760954
19.1295647824,-0.0083323549
19.1395697849,0.0116569286
19.1495747874,0.0373318647
19.1595797899,0.0688142253
19.1695847924,0.1059433720
19.1795897949,0.1482079445
19.1895947974,0.1946854905
19.1995997999,0.2440067221
19.2096048024,0.2943623466
19.2196098049,0.3435677767
19.2296148074,0.3891930265
19.2396198099,0.4287524076
19.2496248124,0.4599350893
19.2596298149,0.4808446264
19.2696348174,0.4902099333
19.2796398199,0.4875312202
19.2896448224,0.4731358869
19.2996498249,0.4481338314
19.3096548274,0.4142814917
19.3196598299,0.3737802378
19.3296648324,0.3290426257
19.3396698349,0.2824648497
19.3496748374,0.2362352969
19.3596798399,0.1921994299
19.3696848424,0.1517863193
19.3796898449,0.1159917359
19.3896948474,0.0854038768
19.3996998499,0.0602550156
19.4097048524,0.0404834380
19.4197098549,0.0257939337
19.4297148574,0.0157100005
19.4397198599,0.0096154787
19.4497248624,0.0067870008
19.4597298649,0.0064182015
19.4697348674,0.0076439237
19.4797398699,0.0095588560
19.4897448724,0.0112396473
19.4997498749,0.0117669220
19.5097548774,0.0102451032
19.5197598799,0.0058231555
19.5297648824,-0.0022854321
19.5397698849,-0.0147802791
19.5497748874,-0.0322471756
19.5597798899,-0.0551216714
19.5697848924,-0.0836419239
19.5797898949,-0.1177898844
19.5897948974,-0.1572249270
19.5997998999,-0.2012189319
19.6098049025,-0.2486069128
19.6198099050,-0.2977703667
19.6298149075,-0.3466706263
19.6398199100,-0.3929444167
19.6498249125,-0.4340641246
19.6598299150,-0.4675521495
19.6698349175,-0.4912247703
19.6798399200,-0.5034309157
19.6898449225,-0.5032469074
19.6998499250,-0.4905929011
19.7098549275,-0.4662489058
19.7198599300,-0.4317664508
19.7298649325,-0.3892909359
19.7398699350,-0.3413260133
19.7498749375,-0.2904798442
19.7598799400,-0.2392325518
19.7698849425,-0.1897549973
19.7798899450,-0.1437949455
19.7898949475,-0.1026309440
19.7998999500,-0.0670830117
19.8099049525,-0.0375618897
19.8199099550,-0.0141376376
19.8299149575,0.0033887445
19.8399199600,0.0154213591
19.8499249625,0.0225192806
19.8599299650,0.0253590520
19.8699349675,0.0247074067
19.8799399700,0.0214023526
19.8899449725,0.0163344270
19.8999499750,0.0104286183
19.9099549775,0.0046243306
19.9199599800,-0.0001459755
19.9299649825,-0.0029771586
19.9399699850,-0.0030112326
19.9499749875,0.0005438769
19.9599799900,0.0083964173
19.9699849925,0.0211484461
19.9799899950,0.0392669323
19.9899949975,0.0630462514
20.0000000000,0.0925573501
